Tue Sep 01 07:29:00 CEST 2015;Tue Sep 01 07:55:00 CEST 2015;Westchester;25.0;Brooklyn;45.0;Manhattan;15.0;Bronx;30.0
Wed Sep 02 06:22:00 CEST 2015;Thu Oct 01 16:52:00 CEST 2015;Queens;46.570747217806044;Westchester;24.530075187969924;Staten Island;43.41489361702128;Rockland County;32.121212121212125;Brooklyn;31.732558139534884;Manhattan;102.0260663507109;All Boroughs;31.785714285714285;Bronx;26.997971602434077;New Jersey;606.2307692307693;Nassau County;32.71232876712329
Fri Oct 02 05:30:00 CEST 2015;Fri Oct 30 17:15:00 CET 2015;Queens;31.969872537659327;Westchester;22.76984126984127;Staten Island;16.79940119760479;Rockland County;24.62962962962963;Connecticut;30.0;Manhattan;42.3643279797126;Brooklyn;29.98578811369509;All Boroughs;32.096774193548384;Bronx;19.163038443723945;New Jersey;35.25;Nassau County;30.77319587628866
Mon Nov 02 05:55:00 CET 2015;Mon Nov 30 17:13:00 CET 2015;Queens;30.14475873544093;Westchester;18.205555555555556;Staten Island;18.71078431372549;Rockland County;22.3;Connecticut;37.5;Brooklyn;29.2402327514547;Manhattan;43.751173708920184;All Boroughs;29.75;Bronx;22.97626339969372;New Jersey;23.863636363636363;Nassau County;30.54054054054054
Tue Dec 01 05:25:00 CET 2015;Wed Dec 30 13:45:00 CET 2015;Queens;52.944250871080136;Westchester;26.26865671641791;Staten Island;18.84536082474227;Rockland County;28.416666666666668;Connecticut;20.0;Manhattan;30.086206896551722;Brooklyn;199.57624262847514;All Boroughs;31.0;Bronx;21.221075902726604;New Jersey;27.608695652173914;Nassau County;28.852459016393443
Thu Dec 31 08:25:00 CET 2015;Fri Jan 29 16:15:00 CET 2016;Queens;42.80234657039711;Westchester;21.01156069364162;Staten Island;30.41898148148148;Rockland County;31.956521739130434;Connecticut;23.0;Brooklyn;35.98326100433974;Manhattan;28.623595505617978;All Boroughs;28.94736842105263;Bronx;39.90594315245478;New Jersey;19.516129032258064;Nassau County;38.87951807228916
