1441085340000;Westchester;25.0;Brooklyn;45.0;Manhattan;15.0;Bronx;30.0
1441167720000;Westchester;16.666666666666668;Queens;18.333333333333332;Rockland County;20.0;Brooklyn;34.285714285714285;Manhattan;20.0;Nassau County;27.142857142857142
1441253280000;Westchester;22.5;Queens;20.0;Rockland County;15.0;Manhattan;20.0;Brooklyn;15.0;Bronx;22.5;Nassau County;20.0
1441340640000;Queens;20.0;Westchester;23.333333333333332;Rockland County;15.0;Brooklyn;27.5;Manhattan;15.0
1441681920000;Queens;22.5;Westchester;14.642857142857142;Staten Island;10.0;Rockland County;30.0;Manhattan;29.642857142857142;Brooklyn;31.01851851851852;Bronx;18.79310344827586;New Jersey;47.5;Nassau County;32.0
