1441085340000;MAR-CAN TRANSPORT CO. INC;2.1;BORO TRANSIT, INC.;2.0;NEW DAWN TRANSIT, LLC (B2;2.0;LOGAN BUS COMPANY INC.;1.8000000000000003;CAREFUL BUS;1.0
1441253280000;PIONEER TRANSPORTATION CO;26.900000000000038;RELIANT TRANS, INC. (B232;26.400000000000006;LEESEL TRANSP CORP (B2192;21.400000000000023;G.V.C., LTD.;20.200000000000003;BORO TRANSIT, INC.;19.200000000000003
1441856640000;LEESEL TRANSP CORP (B2192;55.599999999999895;PIONEER TRANSPORTATION CO;40.49999999999999;G.V.C., LTD.;34.40000000000002;RELIANT TRANS, INC. (B232;31.300000000000033;BORO TRANSIT, INC.;24.79999999999999
1442448600000;G.V.C., LTD.;70.29999999999994;PIONEER TRANSPORTATION CO;43.89999999999995;BORO TRANSIT, INC.;35.60000000000001;LEESEL TRANSP CORP (B2192;30.000000000000043;NEW DAWN TRANSIT, LLC (B2;26.40000000000002
1443069000000;G.V.C., LTD.;40.4;RELIANT TRANS, INC. (B232;39.400000000000006;PIONEER TRANSPORTATION CO;33.00000000000004;NEW DAWN TRANSIT, LLC (B2;25.099999999999998;MAR-CAN TRANSPORT CO. INC;23.700000000000024
